{"stats":{"minecraft:used":{"minecraft:wheat_seeds":139,"minecraft:cooked_mutton":1,"minecraft:diorite":4,"minecraft:iron_shovel":638,"minecraft:birch_planks":112,"minecraft:stone_pickaxe":435,"minecraft:spruce_planks":14,"minecraft:wooden_pickaxe":59,"minecraft:shield":22,"minecraft:iron_sword":131,"minecraft:cooked_chicken":1,"minecraft:cooked_salmon":20,"minecraft:rotten_flesh":23,"minecraft:dirt":225,"minecraft:crafting_table":4,"minecraft:tuff":12,"minecraft:iron_hoe":173,"minecraft:diamond_pickaxe":55,"minecraft:apple":1,"minecraft:chicken":1,"minecraft:iron_pickaxe":395,"minecraft:stone_axe":54,"minecraft:diamond_sword":312,"minecraft:cobblestone":212,"minecraft:beef":3,"minecraft:furnace":1,"minecraft:cooked_porkchop":2,"minecraft:andesite":9,"minecraft:egg":27,"minecraft:bone_meal":33,"minecraft:cooked_beef":14,"minecraft:cobbled_deepslate":236,"minecraft:pointed_dripstone":21},"minecraft:mined":{"minecraft:deepslate_redstone_ore":12,"minecraft:tuff":25,"minecraft:flowering_azalea":4,"minecraft:deepslate_diamond_ore":20,"minecraft:sculk_vein":5,"minecraft:crafting_table":2,"minecraft:short_grass":909,"minecraft:grass_block":193,"minecraft:tall_grass":96,"minecraft:copper_ore":2,"minecraft:cobblestone":12,"minecraft:lapis_ore":3,"minecraft:deepslate_gold_ore":27,"minecraft:moss_block":3,"minecraft:diorite":4,"minecraft:birch_planks":5,"minecraft:redstone_ore":7,"minecraft:furnace":1,"minecraft:wheat":21,"minecraft:birch_log":45,"minecraft:iron_ore":83,"minecraft:cobbled_deepslate":2,"minecraft:birch_leaves":3,"minecraft:andesite":19,"minecraft:moss_carpet":2,"minecraft:deepslate_lapis_ore":19,"minecraft:pointed_dripstone":17,"minecraft:coal_ore":10,"minecraft:deepslate_iron_ore":138,"minecraft:gravel":1,"minecraft:dripstone_block":4,"minecraft:dirt":87,"minecraft:azalea":1,"minecraft:stone":227,"minecraft:oak_leaves":4,"minecraft:deepslate":289,"minecraft:infested_deepslate":1},"minecraft:dropped":{"minecraft:iron_sword":1,"minecraft:wheat_seeds":1},"minecraft:picked_up":{"minecraft:birch_log":45,"minecraft:wheat":17,"minecraft:crafting_table":2,"minecraft:feather":3,"minecraft:cooked_beef":11,"minecraft:chicken":2,"minecraft:glow_ink_sac":4,"minecraft:andesite":15,"minecraft:salmon":6,"minecraft:leather":3,"minecraft:birch_planks":5,"minecraft:tuff":14,"minecraft:gunpowder":2,"minecraft:string":3,"minecraft:moss_carpet":2,"minecraft:lapis_lazuli":131,"minecraft:dirt":248,"minecraft:raw_copper":15,"minecraft:cooked_salmon":12,"minecraft:bone":11,"minecraft:bow":1,"minecraft:wheat_seeds":182,"minecraft:cobbled_deepslate":283,"minecraft:raw_gold":27,"minecraft:beef":6,"minecraft:azalea":1,"minecraft:moss_block":1,"minecraft:birch_sapling":4,"minecraft:iron_sword":1,"minecraft:flowering_azalea":3,"minecraft:egg":24,"minecraft:furnace":1,"minecraft:stick":5,"minecraft:raw_iron":218,"minecraft:porkchop":1,"minecraft:gravel":1,"minecraft:dripstone_block":3,"minecraft:pointed_dripstone":23,"minecraft:diorite":4,"minecraft:redstone":82,"minecraft:spider_eye":1,"minecraft:arrow":12,"minecraft:rotten_flesh":23,"minecraft:diamond":20,"minecraft:bone_meal":1,"minecraft:white_wool":1,"minecraft:mutton":1,"minecraft:coal":10,"minecraft:cobblestone":231},"minecraft:custom":{"minecraft:interact_with_furnace":128,"minecraft:mob_kills":60,"minecraft:animals_bred":7,"minecraft:interact_with_crafting_table":36,"minecraft:leave_game":3,"minecraft:time_since_death":193922,"minecraft:time_since_rest":193922,"minecraft:sprint_one_cm":701353,"minecraft:damage_taken":2862,"minecraft:walk_one_cm":325305,"minecraft:damage_blocked_by_shield":732,"minecraft:drop":2,"minecraft:damage_dealt":11221,"minecraft:swim_one_cm":97956,"minecraft:fly_one_cm":418348,"minecraft:open_chest":96,"minecraft:crouch_one_cm":72311,"minecraft:play_time":193922,"minecraft:sneak_time":22505,"minecraft:walk_under_water_one_cm":59370,"minecraft:jump":3140,"minecraft:walk_on_water_one_cm":62325,"minecraft:total_world_time":193922,"minecraft:fall_one_cm":75283},"minecraft:crafted":{"minecraft:cooked_beef":3,"minecraft:diamond_sword":1,"minecraft:cooked_porkchop":1,"minecraft:crafting_table":3,"minecraft:cooked_chicken":1,"minecraft:wooden_pickaxe":1,"minecraft:iron_helmet":3,"minecraft:iron_sword":1,"minecraft:furnace":1,"minecraft:cooked_salmon":8,"minecraft:bone_meal":33,"minecraft:birch_planks":176,"minecraft:stone_axe":1,"minecraft:cooked_mutton":1,"minecraft:air":0,"minecraft:bow":1,"minecraft:iron_boots":3,"minecraft:iron_chestplate":3,"minecraft:diamond_pickaxe":1,"minecraft:iron_hoe":2,"minecraft:stick":32,"minecraft:iron_ingot":119,"minecraft:iron_pickaxe":3,"minecraft:stone_pickaxe":4,"minecraft:stone_sword":1,"minecraft:iron_shovel":2,"minecraft:iron_leggings":3,"minecraft:diamond_chestplate":1},"minecraft:killed":{"minecraft:pig":1,"minecraft:zombie_villager":2,"minecraft:salmon":8,"minecraft:spider":7,"minecraft:bat":2,"minecraft:sheep":1,"minecraft:skeleton":11,"minecraft:zombie":22,"minecraft:chicken":2,"minecraft:silverfish":1,"minecraft:cow":3},"minecraft:broken":{"minecraft:stone_pickaxe":2,"minecraft:iron_shovel":1,"minecraft:wooden_pickaxe":1}},"DataVersion":3955}