{"stats":{"minecraft:used":{"minecraft:chest":1,"minecraft:shield":21,"minecraft:iron_sword":149,"minecraft:cooked_salmon":6,"minecraft:rotten_flesh":7,"minecraft:iron_chestplate":1,"minecraft:torch":45,"minecraft:dirt":34,"minecraft:tuff":1,"minecraft:birch_door":3,"minecraft:iron_axe":42,"minecraft:magma_block":1,"minecraft:bow":3,"minecraft:furnace":4,"minecraft:egg":27,"minecraft:cooked_beef":9,"minecraft:cobbled_deepslate":17,"minecraft:wheat_seeds":1,"minecraft:water_bucket":11,"minecraft:cobblestone_stairs":68,"minecraft:birch_planks":91,"minecraft:stone_pickaxe":57,"minecraft:wooden_pickaxe":26,"minecraft:cobblestone_slab":181,"minecraft:salmon":3,"minecraft:glow_berries":4,"minecraft:crafting_table":8,"minecraft:birch_sign":2,"minecraft:white_bed":1,"minecraft:diamond_pickaxe":451,"minecraft:apple":1,"minecraft:iron_pickaxe":457,"minecraft:stone_axe":136,"minecraft:fishing_rod":10,"minecraft:cobblestone":189,"minecraft:white_banner":1,"minecraft:cooked_porkchop":13,"minecraft:bucket":12,"minecraft:bone_meal":1,"minecraft:birch_stairs":32},"minecraft:mined":{"minecraft:deepslate_diamond_ore":9,"minecraft:cave_vines_plant":2,"minecraft:granite":2,"minecraft:grass_block":5,"minecraft:moss_block":39,"minecraft:magma_block":6,"minecraft:furnace":2,"minecraft:iron_ore":59,"minecraft:cave_vines":7,"minecraft:deepslate_iron_ore":16,"minecraft:cobblestone_slab":39,"minecraft:rail":17,"minecraft:stone":635,"minecraft:birch_stairs":4,"minecraft:crafting_table":4,"minecraft:torch":3,"minecraft:short_grass":8,"minecraft:emerald_ore":2,"minecraft:cobblestone":11,"minecraft:lapis_ore":3,"minecraft:deepslate_gold_ore":15,"minecraft:wall_torch":1,"minecraft:birch_planks":11,"minecraft:birch_log":93,"minecraft:wheat":4,"minecraft:birch_door":3,"minecraft:oak_log":1,"minecraft:coal_ore":48,"minecraft:gravel":7,"minecraft:dirt":18,"minecraft:cobweb":6,"minecraft:gold_ore":2,"minecraft:oak_leaves":1,"minecraft:deepslate":25},"minecraft:picked_up":{"minecraft:iron_chestplate":1,"minecraft:birch_door":3,"minecraft:crafting_table":4,"minecraft:wheat":2,"minecraft:ominous_bottle":1,"minecraft:wooden_pickaxe":1,"minecraft:shield":1,"minecraft:string":9,"minecraft:iron_axe":1,"minecraft:iron_shovel":1,"minecraft:cobbled_deepslate":25,"minecraft:beef":4,"minecraft:cobblestone_slab":48,"minecraft:birch_sapling":5,"minecraft:phantom_membrane":1,"minecraft:furnace":2,"minecraft:egg":27,"minecraft:stick":7,"minecraft:raw_iron":73,"minecraft:torch":3,"minecraft:redstone":9,"minecraft:arrow":16,"minecraft:rotten_flesh":13,"minecraft:glow_berries":5,"minecraft:rail":17,"minecraft:cobblestone":665,"minecraft:birch_log":97,"minecraft:magma_block":6,"minecraft:cooked_beef":8,"minecraft:glow_ink_sac":3,"minecraft:water_bucket":2,"minecraft:salmon":51,"minecraft:leather":4,"minecraft:birch_planks":59,"minecraft:flint":1,"minecraft:tuff":1,"minecraft:oak_log":1,"minecraft:gunpowder":7,"minecraft:lapis_lazuli":21,"minecraft:dirt":57,"minecraft:white_banner":1,"minecraft:bone":18,"minecraft:bow":2,"minecraft:wheat_seeds":8,"minecraft:raw_gold":16,"minecraft:iron_ingot":2,"minecraft:glass_bottle":2,"minecraft:moss_block":38,"minecraft:iron_sword":1,"minecraft:cooked_porkchop":8,"minecraft:gravel":6,"minecraft:birch_stairs":4,"minecraft:leather_helmet":1,"minecraft:sugar":1,"minecraft:slime_ball":5,"minecraft:diamond":9,"minecraft:stone_axe":1,"minecraft:granite":1,"minecraft:bone_meal":1,"minecraft:emerald":2,"minecraft:coal":47,"minecraft:diamond_pickaxe":1},"minecraft:dropped":{"minecraft:water_bucket":1,"minecraft:birch_planks":33,"minecraft:ominous_bottle":1,"minecraft:cooked_beef":3,"minecraft:cobblestone":64,"minecraft:coal":9,"minecraft:flint":1,"minecraft:cooked_salmon":12,"minecraft:sugar":1,"minecraft:string":1,"minecraft:bone":1,"minecraft:stone_axe":1,"minecraft:salmon":1,"minecraft:cobblestone_slab":161,"minecraft:shield":2,"minecraft:gunpowder":4,"minecraft:birch_sign":1},"minecraft:custom":{"minecraft:mob_kills":103,"minecraft:animals_bred":1,"minecraft:interact_with_crafting_table":40,"minecraft:leave_game":2,"minecraft:time_since_death":40901,"minecraft:climb_one_cm":155,"minecraft:sprint_one_cm":371399,"minecraft:walk_one_cm":352382,"minecraft:damage_blocked_by_shield":554,"minecraft:drop":27,"minecraft:play_time":216587,"minecraft:deaths":5,"minecraft:sneak_time":20721,"minecraft:walk_under_water_one_cm":49499,"minecraft:jump":2839,"minecraft:walk_on_water_one_cm":27355,"minecraft:total_world_time":216587,"minecraft:interact_with_furnace":57,"minecraft:sleep_in_bed":4,"minecraft:time_since_rest":40996,"minecraft:damage_taken":4027,"minecraft:damage_dealt":11380,"minecraft:swim_one_cm":121123,"minecraft:fly_one_cm":344813,"minecraft:open_chest":104,"minecraft:crouch_one_cm":72810,"minecraft:fish_caught":1,"minecraft:fall_one_cm":100166},"minecraft:crafted":{"minecraft:cobblestone_slab":486,"minecraft:fishing_rod":1,"minecraft:furnace":2,"minecraft:cobblestone_stairs":68,"minecraft:iron_axe":2,"minecraft:stone_pickaxe":1,"minecraft:chest":1,"minecraft:birch_door":3,"minecraft:birch_sign":3,"minecraft:cooked_beef":4,"minecraft:cooked_porkchop":9,"minecraft:crafting_table":4,"minecraft:wooden_pickaxe":1,"minecraft:iron_sword":1,"minecraft:cooked_salmon":18,"minecraft:leather_helmet":1,"minecraft:bucket":1,"minecraft:birch_planks":296,"minecraft:stone_axe":2,"minecraft:air":0,"minecraft:diamond_pickaxe":2,"minecraft:charcoal":13,"minecraft:shield":5,"minecraft:stick":44,"minecraft:iron_ingot":17,"minecraft:iron_pickaxe":2,"minecraft:iron_shovel":1,"minecraft:white_bed":1,"minecraft:torch":40,"minecraft:birch_stairs":48},"minecraft:broken":{"minecraft:stone_axe":1,"minecraft:iron_pickaxe":2},"minecraft:killed_by":{"minecraft:zombie":1},"minecraft:killed":{"minecraft:witch":2,"minecraft:spider":3,"minecraft:slime":5,"minecraft:phantom":1,"minecraft:skeleton":13,"minecraft:drowned":1,"minecraft:salmon":52,"minecraft:creeper":2,"minecraft:goat":1,"minecraft:zombie":19,"minecraft:cow":2}},"DataVersion":3955}