{"stats":{"minecraft:used":{"minecraft:peony":1,"minecraft:wheat_seeds":33,"minecraft:cooked_mutton":17,"minecraft:stone_shovel":86,"minecraft:birch_planks":25,"minecraft:redstone":2,"minecraft:stone_pickaxe":240,"minecraft:wooden_pickaxe":3,"minecraft:wooden_shovel":15,"minecraft:cooked_salmon":5,"minecraft:cooked_chicken":6,"minecraft:rotten_flesh":2,"minecraft:torch":13,"minecraft:dirt":3,"minecraft:white_carpet":2,"minecraft:crafting_table":1,"minecraft:redstone_torch":3,"minecraft:oak_log":1,"minecraft:iron_pickaxe":68,"minecraft:iron_axe":24,"minecraft:chicken":1,"minecraft:lilac":2,"minecraft:stone_axe":124,"minecraft:bow":2,"minecraft:cobblestone":16,"minecraft:furnace":1,"minecraft:cooked_porkchop":7,"minecraft:andesite":3,"minecraft:birch_log":1,"minecraft:egg":7,"minecraft:cooked_beef":11,"minecraft:bone_meal":3},"minecraft:mined":{"minecraft:short_grass":4,"minecraft:grass_block":44,"minecraft:redstone_wire":1,"minecraft:cobblestone":3,"minecraft:diorite":2,"minecraft:birch_planks":7,"minecraft:wheat":19,"minecraft:redstone_torch":1,"minecraft:birch_log":26,"minecraft:iron_ore":50,"minecraft:fire":7,"minecraft:lilac":2,"minecraft:andesite":5,"minecraft:coal_ore":63,"minecraft:oak_log":18,"minecraft:deepslate_iron_ore":16,"minecraft:sand":15,"minecraft:dirt":80,"minecraft:stone":103,"minecraft:deepslate":3},"minecraft:dropped":{"minecraft:oak_log":4,"minecraft:cooked_beef":16,"minecraft:cooked_porkchop":8,"minecraft:cooked_salmon":1,"minecraft:bow":3},"minecraft:picked_up":{"minecraft:birch_log":32,"minecraft:crafting_table":1,"minecraft:wheat":18,"minecraft:feather":8,"minecraft:lilac":2,"minecraft:chicken":7,"minecraft:andesite":6,"minecraft:brown_wool":1,"minecraft:leather":24,"minecraft:wooden_pickaxe":1,"minecraft:birch_planks":18,"minecraft:flint":1,"minecraft:oak_log":20,"minecraft:shield":1,"minecraft:string":1,"minecraft:dirt":214,"minecraft:cooked_salmon":1,"minecraft:bone":5,"minecraft:apple":2,"minecraft:bow":4,"minecraft:wheat_seeds":47,"minecraft:cobbled_deepslate":3,"minecraft:beef":35,"minecraft:stone_pickaxe":1,"minecraft:rose_bush":1,"minecraft:redstone_torch":1,"minecraft:cobblestone_slab":161,"minecraft:birch_sapling":28,"minecraft:egg":10,"minecraft:raw_iron":66,"minecraft:stick":20,"minecraft:torch":12,"minecraft:porkchop":24,"minecraft:sand":15,"minecraft:diorite":2,"minecraft:redstone":12,"minecraft:spider_eye":2,"minecraft:stone_shovel":1,"minecraft:arrow":5,"minecraft:rotten_flesh":8,"minecraft:stone_axe":1,"minecraft:peony":2,"minecraft:oak_sapling":2,"minecraft:mutton":17,"minecraft:coal":71,"minecraft:white_wool":11,"minecraft:cobblestone":205},"minecraft:custom":{"minecraft:interact_with_furnace":123,"minecraft:mob_kills":69,"minecraft:animals_bred":12,"minecraft:interact_with_crafting_table":21,"minecraft:leave_game":1,"minecraft:time_since_death":144087,"minecraft:sleep_in_bed":1,"minecraft:climb_one_cm":16,"minecraft:time_since_rest":144258,"minecraft:sprint_one_cm":542423,"minecraft:damage_taken":3330,"minecraft:walk_one_cm":928025,"minecraft:drop":25,"minecraft:damage_dealt":7942,"minecraft:swim_one_cm":12305,"minecraft:fly_one_cm":892237,"minecraft:open_chest":75,"minecraft:crouch_one_cm":33884,"minecraft:play_time":216146,"minecraft:deaths":3,"minecraft:sneak_time":6659,"minecraft:walk_under_water_one_cm":8683,"minecraft:jump":5137,"minecraft:walk_on_water_one_cm":16295,"minecraft:total_world_time":216146,"minecraft:fall_one_cm":199103},"minecraft:crafted":{"minecraft:cooked_beef":33,"minecraft:oak_planks":8,"minecraft:wooden_shovel":3,"minecraft:cooked_porkchop":15,"minecraft:crafting_table":1,"minecraft:wooden_pickaxe":1,"minecraft:cooked_chicken":6,"minecraft:furnace":1,"minecraft:cooked_salmon":5,"minecraft:stone":28,"minecraft:bone_meal":3,"minecraft:birch_planks":80,"minecraft:stone_axe":3,"minecraft:white_carpet":3,"minecraft:cooked_mutton":17,"minecraft:air":0,"minecraft:shield":1,"minecraft:iron_axe":1,"minecraft:stick":40,"minecraft:iron_ingot":136,"minecraft:iron_pickaxe":1,"minecraft:stone_pickaxe":5,"minecraft:redstone_torch":2,"minecraft:torch":16},"minecraft:killed_by":{"minecraft:skeleton":1,"minecraft:creeper":1},"minecraft:killed":{"minecraft:pig":12,"minecraft:spider":2,"minecraft:creeper":1,"minecraft:sheep":12,"minecraft:skeleton":7,"minecraft:pillager":1,"minecraft:zombie":10,"minecraft:chicken":7,"minecraft:cow":17},"minecraft:broken":{"minecraft:stone_pickaxe":2}},"DataVersion":3955}