{"stats":{"minecraft:used":{"minecraft:peony":8,"minecraft:oak_fence":28,"minecraft:rose_bush":11,"minecraft:iron_shovel":116,"minecraft:stone_shovel":401,"minecraft:redstone":16,"minecraft:chest":11,"minecraft:cooked_salmon":1,"minecraft:stone_hoe":91,"minecraft:cooked_chicken":2,"minecraft:rotten_flesh":7,"minecraft:torch":93,"minecraft:dirt":161,"minecraft:birch_pressure_plate":10,"minecraft:spruce_stairs":64,"minecraft:oak_fence_gate":2,"minecraft:birch_door":2,"minecraft:glass":32,"minecraft:iron_axe":266,"minecraft:birch_sapling":10,"minecraft:stone_bricks":21,"minecraft:repeater":1,"minecraft:bow":1,"minecraft:furnace":4,"minecraft:oak_sapling":7,"minecraft:egg":44,"minecraft:cooked_beef":2,"minecraft:pointed_dripstone":1,"minecraft:wheat_seeds":78,"minecraft:water_bucket":3,"minecraft:birch_planks":312,"minecraft:stone_pickaxe":31,"minecraft:wooden_pickaxe":9,"minecraft:cobblestone_slab":19,"minecraft:glow_berries":1,"minecraft:crafting_table":9,"minecraft:white_bed":1,"minecraft:spruce_log":16,"minecraft:birch_fence":35,"minecraft:redstone_torch":13,"minecraft:oak_log":22,"minecraft:piston":6,"minecraft:lever":9,"minecraft:birch_slab":57,"minecraft:bread":10,"minecraft:iron_pickaxe":320,"minecraft:lilac":6,"minecraft:stone_axe":114,"minecraft:cobblestone":50,"minecraft:birch_log":5,"minecraft:bucket":4,"minecraft:bone_meal":15},"minecraft:mined":{"minecraft:white_bed":1,"minecraft:oak_sapling":2,"minecraft:granite":2,"minecraft:lever":5,"minecraft:grass_block":150,"minecraft:redstone_wire":7,"minecraft:birch_slab":3,"minecraft:spruce_leaves":8,"minecraft:furnace":3,"minecraft:iron_ore":6,"minecraft:fire":3,"minecraft:peony":8,"minecraft:pointed_dripstone":22,"minecraft:cobblestone_slab":13,"minecraft:dirt_path":10,"minecraft:stone":231,"minecraft:birch_pressure_plate":1,"minecraft:redstone_wall_torch":4,"minecraft:oak_fence":10,"minecraft:crafting_table":5,"minecraft:torch":16,"minecraft:short_grass":52,"minecraft:chest":2,"minecraft:rose_bush":12,"minecraft:cobblestone":3,"minecraft:glass":2,"minecraft:copper_ore":17,"minecraft:wall_torch":5,"minecraft:birch_sapling":3,"minecraft:spruce_stairs":12,"minecraft:birch_planks":65,"minecraft:birch_log":177,"minecraft:redstone_torch":4,"minecraft:wheat":31,"minecraft:lilac":6,"minecraft:spruce_log":40,"minecraft:birch_leaves":52,"minecraft:oak_log":34,"minecraft:coal_ore":53,"minecraft:oak_fence_gate":1,"minecraft:sand":60,"minecraft:dirt":175,"minecraft:piston":4,"minecraft:oak_leaves":27,"minecraft:birch_fence":2},"minecraft:picked_up":{"minecraft:crafting_table":5,"minecraft:wheat":32,"minecraft:ominous_bottle":1,"minecraft:chicken":2,"minecraft:shield":2,"minecraft:raw_copper":54,"minecraft:birch_fence":2,"minecraft:cobbled_deepslate":4,"minecraft:rose_bush":11,"minecraft:cobblestone_slab":19,"minecraft:redstone_torch":10,"minecraft:chest":2,"minecraft:birch_sapling":23,"minecraft:piston":4,"minecraft:egg":44,"minecraft:furnace":3,"minecraft:raw_iron":6,"minecraft:stick":23,"minecraft:oak_fence":10,"minecraft:torch":31,"minecraft:spruce_stairs":12,"minecraft:pointed_dripstone":22,"minecraft:redstone":8,"minecraft:stone_shovel":1,"minecraft:rotten_flesh":12,"minecraft:arrow":2,"minecraft:peony":8,"minecraft:glow_berries":1,"minecraft:cobblestone":238,"minecraft:birch_log":173,"minecraft:feather":2,"minecraft:lilac":6,"minecraft:salmon":3,"minecraft:water_bucket":2,"minecraft:birch_slab":3,"minecraft:andesite":1,"minecraft:birch_planks":109,"minecraft:oak_log":36,"minecraft:dirt":377,"minecraft:birch_pressure_plate":4,"minecraft:bone":2,"minecraft:apple":1,"minecraft:bow":2,"minecraft:wheat_seeds":86,"minecraft:oak_fence_gate":1,"minecraft:stone_pickaxe":2,"minecraft:sand":59,"minecraft:spruce_sapling":1,"minecraft:white_bed":1,"minecraft:spruce_log":39,"minecraft:stone_axe":2,"minecraft:lever":6,"minecraft:granite":2,"minecraft:oak_sapling":10,"minecraft:coal":78},"minecraft:dropped":{"minecraft:water_bucket":1,"minecraft:dirt":7,"minecraft:redstone":10,"minecraft:stone_shovel":3,"minecraft:rotten_flesh":1,"minecraft:shield":1,"minecraft:bow":1},"minecraft:custom":{"minecraft:mob_kills":13,"minecraft:animals_bred":4,"minecraft:interact_with_crafting_table":88,"minecraft:leave_game":5,"minecraft:time_since_death":141924,"minecraft:climb_one_cm":1046,"minecraft:sprint_one_cm":288242,"minecraft:walk_one_cm":896474,"minecraft:drop":24,"minecraft:play_time":209966,"minecraft:deaths":2,"minecraft:sneak_time":11779,"minecraft:walk_under_water_one_cm":5637,"minecraft:jump":1725,"minecraft:walk_on_water_one_cm":8955,"minecraft:total_world_time":209966,"minecraft:interact_with_furnace":65,"minecraft:sleep_in_bed":1,"minecraft:time_since_rest":122508,"minecraft:damage_taken":1313,"minecraft:damage_dealt":2117,"minecraft:swim_one_cm":7470,"minecraft:fly_one_cm":129124,"minecraft:open_chest":106,"minecraft:crouch_one_cm":33968,"minecraft:fall_one_cm":26504},"minecraft:crafted":{"minecraft:oak_planks":52,"minecraft:stone_shovel":5,"minecraft:cooked_chicken":2,"minecraft:birch_slab":54,"minecraft:furnace":1,"minecraft:piston":2,"minecraft:bone_meal":15,"minecraft:lever":4,"minecraft:glass":40,"minecraft:spruce_stairs":52,"minecraft:repeater":1,"minecraft:bow":1,"minecraft:iron_axe":2,"minecraft:stone_pickaxe":3,"minecraft:chest":9,"minecraft:birch_door":3,"minecraft:stone_hoe":1,"minecraft:stone_bricks":24,"minecraft:oak_fence":18,"minecraft:cooked_beef":2,"minecraft:crafting_table":4,"minecraft:spruce_planks":92,"minecraft:wooden_pickaxe":1,"minecraft:birch_pressure_plate":7,"minecraft:cooked_salmon":1,"minecraft:bucket":1,"minecraft:birch_planks":604,"minecraft:stone_axe":2,"minecraft:bread":11,"minecraft:air":0,"minecraft:oak_fence_gate":1,"minecraft:iron_chestplate":1,"minecraft:charcoal":5,"minecraft:birch_fence":33,"minecraft:stick":88,"minecraft:iron_ingot":33,"minecraft:iron_pickaxe":2,"minecraft:iron_shovel":1,"minecraft:redstone_torch":5,"minecraft:torch":76},"minecraft:broken":{"minecraft:iron_axe":1,"minecraft:iron_pickaxe":1,"minecraft:stone_shovel":3},"minecraft:killed":{"minecraft:skeleton":2,"minecraft:chicken":2,"minecraft:salmon":3,"minecraft:creeper":1,"minecraft:zombie":5},"minecraft:killed_by":{"minecraft:creeper":1}},"DataVersion":3955}